params,value
booster,gblinear
lambda,5.072318488486091e-06
alpha,5.793788126464814e-06
subsample,0.6525031851426706
colsample_bytree,0.3300628235163664
value,0.4806817495931377
