params,value
kernel,poly
C,8.847540575305511e-08
degree,1
gamma,0.001197875976896352
value,0.11566637873053316
