params,value
kernel,rbf
C,0.00015501441508037876
degree,3
gamma,0.8644501109554416
value,0.39802971245075297
