params,value
kernel,poly
C,0.6091069290715522
degree,2
gamma,0.9455634259917576
value,0.2567037747163929
