params,value
kernel,poly
C,0.0007718904101697477
degree,5
gamma,0.00016051657087327897
value,0.4579343243445592
