params,value
kernel,poly
C,0.001478396489885683
degree,2
gamma,2.6654515377297624e-05
value,0.18503161774384086
