params,value
booster,gbtree
lambda,2.6580291627497087e-05
alpha,0.00035117433161679327
subsample,0.6864536953686452
colsample_bytree,0.5974147772320402
max_depth,3
min_child_weight,10
eta,0.17352920427247187
gamma,0.003769732785934237
grow_policy,lossguide
value,0.5715224657616713
