params,value
kernel,poly
C,0.009867891480793662
degree,2
gamma,3.248159965980131e-08
value,0.0
