params,value
booster,gblinear
lambda,0.11866430098752791
alpha,7.678107916591738e-08
subsample,0.68972185719216
colsample_bytree,0.7875582283226814
value,0.37781070621818075
