params,value
booster,gblinear
lambda,3.7146268481692454e-07
alpha,0.00010181483610658329
subsample,0.2662768495832792
colsample_bytree,0.5351079989508276
value,0.15216305685987522
