params,value
booster,gbtree
lambda,2.6860586884979694e-07
alpha,5.702166812851666e-07
subsample,0.7461070445070941
colsample_bytree,0.8058475414280952
max_depth,9
min_child_weight,5
eta,0.10021184202149425
gamma,3.651515378278458e-05
grow_policy,lossguide
value,0.5773643920905069
