params,value
booster,gbtree
lambda,0.008712861521792143
alpha,0.02046167402668897
subsample,0.2845583757553841
colsample_bytree,0.9970456021734979
max_depth,5
min_child_weight,5
eta,0.061847470841968566
gamma,0.000222098997992407
grow_policy,depthwise
value,0.5291467856719815
