params,value
kernel,poly
C,0.07945684814577623
degree,4
gamma,0.9207424553393867
value,0.5530485816042919
