params,value
kernel,poly
C,2.9078674641444503e-06
degree,4
gamma,0.00098007775493084
value,0.22535040722322505
