params,value
booster,dart
lambda,0.005458178901423617
alpha,1.6298642466112607e-05
subsample,0.50984523082815
colsample_bytree,0.8403762589775882
max_depth,5
min_child_weight,5
eta,0.10008488866912961
gamma,0.08234411404596774
grow_policy,depthwise
sample_type,uniform
normalize_type,tree
rate_drop,3.4743978423745048e-06
skip_drop,0.9115118249667867
value,0.5693427502449294
