params,value
kernel,rbf
C,0.3911283432704999
degree,5
gamma,0.5450034106437877
value,0.4044877336193385
