params,value
kernel,rbf
C,0.589767794781274
degree,4
gamma,0.6913501450294212
value,0.4124079728387127
