params,value
booster,gblinear
lambda,0.05277190266548555
alpha,0.011834246714898756
subsample,0.8618550513595178
colsample_bytree,0.7442001835542043
value,0.1484914023353558
