params,value
booster,dart
lambda,1.660626170904603e-05
alpha,0.17308249083479166
subsample,0.4122865849645826
colsample_bytree,0.7497490544496421
max_depth,9
min_child_weight,5
eta,0.19322318334438532
gamma,2.0254178495480695e-08
grow_policy,lossguide
sample_type,weighted
normalize_type,tree
rate_drop,1.7726710493153832e-05
skip_drop,1.2261892812507639e-06
value,0.48885217429521804
