params,value
kernel,rbf
C,2.214171315283076e-05
degree,1
gamma,1.248230017868423e-07
value,0.17934307791760504
