params,value
booster,dart
lambda,0.0002922129086762905
alpha,1.3097156879021484e-08
subsample,0.9750799023416187
colsample_bytree,0.7240467678408559
max_depth,5
min_child_weight,10
eta,0.17876089217524246
gamma,7.589039638662391e-07
grow_policy,depthwise
sample_type,uniform
normalize_type,tree
rate_drop,5.3086183465290436e-08
skip_drop,1.3472132363461666e-08
value,0.4887980309474949
