params,value
kernel,poly
C,0.04684333809304637
degree,4
gamma,0.6939756762538943
value,0.34309977465491837
