params,value
booster,gbtree
lambda,0.008167318096972869
alpha,0.0041212794678690615
subsample,0.7060626389309919
colsample_bytree,0.6814493375822792
max_depth,3
min_child_weight,5
eta,0.061150803597910613
gamma,1.338263587057604e-07
grow_policy,lossguide
value,0.4839568035603736
