params,value
kernel,poly
C,0.6532210742337565
degree,2
gamma,0.9361287015383699
value,0.33907402786922575
