params,value
kernel,poly
C,0.4601839240511472
degree,1
gamma,0.0069411708569654396
value,0.22522820318983253
