params,value
kernel,poly
C,0.7290265041359739
degree,4
gamma,0.7372418806960399
value,0.2952425337287623
