params,value
kernel,poly
C,0.001093817925876975
degree,4
gamma,0.8635462804751669
value,0.5284931064688552
