params,value
kernel,rbf
C,5.199528404209593e-07
degree,2
gamma,0.00012927345813259412
value,0.10603985462759553
