params,value
kernel,rbf
C,2.5409596046096546e-08
degree,2
gamma,1.1201197788268236e-06
value,0.0
