params,value
booster,dart
lambda,2.85687087746957e-05
alpha,4.268573683338325e-07
subsample,0.20810381463860617
colsample_bytree,0.9792160801334051
max_depth,5
min_child_weight,7
eta,0.023969127046449854
gamma,0.004738402349773698
grow_policy,depthwise
sample_type,weighted
normalize_type,forest
rate_drop,0.007236341952383948
skip_drop,0.04176956206129261
value,0.5717356124026731
