params,value
kernel,poly
C,0.012931239351276859
degree,4
gamma,0.9866760804112356
value,0.3539513137862073
