params,value
kernel,poly
C,0.9812964285523008
degree,2
gamma,0.7163042756194136
value,0.6060176960422177
