params,value
kernel,rbf
C,0.9252894942327481
degree,3
gamma,0.8732520645536056
value,0.401093359751433
