params,value
booster,gbtree
lambda,1.3749214494958146e-08
alpha,1.083178280731126e-08
subsample,0.20495644610163466
colsample_bytree,0.3516761946368768
max_depth,9
min_child_weight,2
eta,0.3272100880058515
gamma,0.7950871538449348
grow_policy,depthwise
value,0.31883766666531216
