params,value
kernel,poly
C,2.6002251739254333e-06
degree,1
gamma,0.0003828916469568381
value,0.11566636707806034
