params,value
kernel,rbf
C,0.000477726593144526
degree,4
gamma,0.9588455829640128
value,0.0
