params,value
booster,gblinear
lambda,5.970317272586116e-05
alpha,0.0002827994318614732
subsample,0.8963430177467406
colsample_bytree,0.5895335600309071
value,0.42715579576622964
