params,value
booster,gblinear
lambda,1.5148806124452372e-06
alpha,1.8381785316527369e-07
subsample,0.8178888322362476
colsample_bytree,0.37820058692375996
value,0.31081527997409714
