params,value
kernel,poly
C,0.12718215624115348
degree,2
gamma,0.20113015057397432
value,0.26430078437774857
