params,value
kernel,poly
C,7.846863757957199e-06
degree,1
gamma,2.2423755826906188e-08
value,0.0
