params,value
booster,gblinear
lambda,2.7299920183893265e-08
alpha,0.6429071225890877
subsample,0.3281658056736597
colsample_bytree,0.27429034502940114
value,0.18503161774384086
