params,value
kernel,rbf
C,0.11540798397337353
degree,3
gamma,0.16732573509299084
value,0.224122535786918
