params,value
kernel,rbf
C,3.011841367589939e-07
degree,3
gamma,0.035874030357629795
value,0.10603971292830067
