params,value
kernel,rbf
C,7.497536371212363e-08
degree,3
gamma,5.582445224906332e-05
value,0.0
