params,value
booster,gbtree
lambda,0.10125143325142996
alpha,1.193103873534639e-08
subsample,0.8732443412620864
colsample_bytree,0.9989628808053846
max_depth,5
min_child_weight,4
eta,0.006725492575158039
gamma,0.01619213403999429
grow_policy,depthwise
value,0.5933341121699526
