params,value
kernel,poly
C,0.007107462089280534
degree,5
gamma,0.9882480210628212
value,0.4110325895949474
