params,value
kernel,poly
C,0.04211568461709947
degree,4
gamma,0.9542302006811482
value,0.3523460860727866
