params,value
kernel,poly
C,0.0626223725933026
degree,4
gamma,2.7865860363942946e-07
value,0.17935944056633116
