params,value
kernel,rbf
C,0.13248818534733042
degree,5
gamma,0.31172903548872116
value,0.40639608231686636
