params,value
booster,dart
lambda,8.132631905078484e-08
alpha,8.549127661416073e-06
subsample,0.8319660699305552
colsample_bytree,0.8647055892565042
max_depth,3
min_child_weight,3
eta,0.797351862279286
gamma,0.0027715332998004736
grow_policy,lossguide
sample_type,uniform
normalize_type,tree
rate_drop,0.005819084999688378
skip_drop,0.001444215329782045
value,0.44846661096677964
