params,value
booster,dart
lambda,0.587721636101038
alpha,8.116836546510032e-08
subsample,0.30001373029183576
colsample_bytree,0.934259683157665
max_depth,9
min_child_weight,4
eta,0.03554583223437679
gamma,2.5847353265807752e-05
grow_policy,lossguide
sample_type,weighted
normalize_type,forest
rate_drop,0.00017712652644811492
skip_drop,0.0482931841714364
value,0.51854146742908
