params,value
booster,gbtree
lambda,2.1843109218428615e-07
alpha,9.941887709537067e-05
subsample,0.5772855535254489
colsample_bytree,0.6230454399151895
max_depth,5
min_child_weight,9
eta,1.196292856519057e-06
gamma,0.009408127968314743
grow_policy,depthwise
value,0.15491350115873695
