params,value
booster,dart
lambda,0.056259585083882124
alpha,1.7950092419938286e-06
subsample,0.2054843662601261
colsample_bytree,0.6904810864768826
max_depth,7
min_child_weight,10
eta,0.7159266590748989
gamma,1.1800416614692424e-07
grow_policy,depthwise
sample_type,weighted
normalize_type,forest
rate_drop,0.44773807233837426
skip_drop,0.5175187961398396
value,0.4325467521475927
