params,value
kernel,poly
C,0.17255480828891023
degree,4
gamma,0.9210638718130492
value,0.6120893734766478
