params,value
booster,gbtree
lambda,0.004325401285436115
alpha,2.886626217683652e-06
subsample,0.9730981237856324
colsample_bytree,0.6063785521501784
max_depth,3
min_child_weight,6
eta,0.23608766400626907
gamma,2.6711567794982343e-07
grow_policy,depthwise
value,0.34860523466710575
