params,value
kernel,rbf
C,0.978943216037039
degree,3
gamma,0.08136855364022827
value,0.4962625843229704
