params,value
booster,gbtree
lambda,4.246767906876415e-07
alpha,0.0005679124141323203
subsample,0.8142690230247895
colsample_bytree,0.8954806400961123
max_depth,9
min_child_weight,4
eta,0.07141110225880508
gamma,0.0003737152114457337
grow_policy,depthwise
value,0.5522870991421992
