params,value
kernel,rbf
C,0.9541538602325473
degree,4
gamma,0.23210469357651528
value,0.33809289467614717
