,params,value
0,booster,dart
1,lambda,1.2196277238623086e-07
2,alpha,8.872072866566911e-08
3,subsample,0.852609953518945
4,colsample_bytree,0.9158639052000911
5,max_depth,3
6,min_child_weight,10
7,eta,0.16082146155580598
8,gamma,0.08975552616350903
9,grow_policy,lossguide
10,sample_type,uniform
11,normalize_type,tree
12,rate_drop,6.970741073918815e-08
13,skip_drop,0.012644258522609655
14,value,0.4273398364926093
