params,value
booster,gblinear
lambda,1.045976975399194e-06
alpha,1.1142648940159587e-06
subsample,0.6428471331031815
colsample_bytree,0.3945019456782822
value,6.464553967104657e-18
