params,value
kernel,poly
C,4.563024377583371e-05
degree,5
gamma,0.0005613466297438446
value,0.2778248079452832
