params,value
booster,gbtree
lambda,4.055265523784536e-06
alpha,0.008149071150423279
subsample,0.6505144466986692
colsample_bytree,0.3474058019730625
max_depth,7
min_child_weight,6
eta,5.610877333877588e-06
gamma,0.00014927408949395372
grow_policy,depthwise
value,0.48980541174900394
