params,value
kernel,rbf
C,1.9173303490181298e-08
degree,1
gamma,1.8971585090741251e-07
value,0.08617955724719523
