params,value
booster,gblinear
lambda,3.422421767680212e-07
alpha,2.794272567954339e-07
subsample,0.7837471823069659
colsample_bytree,0.7182338592370721
value,0.3601909818039319
