params,value
kernel,rbf
C,1.5015688161777724e-06
degree,1
gamma,9.508180726305615e-05
value,0.3568130786147707
