params,value
kernel,rbf
C,1.2357913266665858e-08
degree,3
gamma,0.05986723682748675
value,0.10257429273560743
