params,value
booster,dart
lambda,1.962485130798952e-06
alpha,0.005302713537516472
subsample,0.6149659209853918
colsample_bytree,0.6645290402311352
max_depth,7
min_child_weight,5
eta,0.5454060732021854
gamma,1.204772206085312e-05
grow_policy,lossguide
sample_type,uniform
normalize_type,forest
rate_drop,2.352352140466747e-05
skip_drop,0.005096201540156721
value,0.0593331447666073
