params,value
kernel,rbf
C,0.013082222897896132
degree,5
gamma,0.0003375702707829116
value,0.0
