params,value
kernel,rbf
C,0.5691686388823023
degree,4
gamma,0.7273955419887838
value,0.5487212934747518
