params,value
booster,gbtree
lambda,3.3869798820067734e-07
alpha,7.886976315410066e-05
subsample,0.580392580826717
colsample_bytree,0.4942670085119823
max_depth,5
min_child_weight,2
eta,3.6707119394992084e-08
gamma,0.0003552568985659801
grow_policy,lossguide
value,0.011537296141163889
