params,value
kernel,rbf
C,8.056686757280532e-08
degree,1
gamma,0.4301833174440306
value,0.3987450919499994
