params,value
kernel,poly
C,0.5951677514428182
degree,3
gamma,7.556553726046458e-05
value,0.38546463397483405
