params,value
booster,gbtree
lambda,0.0022873748876265547
alpha,4.7080182859143866e-07
subsample,0.8208513399117434
colsample_bytree,0.3880421550437328
max_depth,7
min_child_weight,6
eta,0.04780943557478916
gamma,0.0032619783528789396
grow_policy,depthwise
value,0.0047686450341566855
