params,value
kernel,poly
C,0.18387180132926847
degree,5
gamma,0.9548296680596685
value,0.3742098077264465
