params,value
booster,dart
lambda,1.2003989681807943e-07
alpha,1.2056419180966672e-05
subsample,0.28608782381775466
colsample_bytree,0.8528285839231521
max_depth,5
min_child_weight,5
eta,0.02157923549735322
gamma,5.420118153034988e-06
grow_policy,lossguide
sample_type,uniform
normalize_type,forest
rate_drop,0.003728890735407589
skip_drop,0.0050401257097345475
value,0.5612906504750308
