params,value
booster,gbtree
lambda,5.782747652090873e-06
alpha,0.012308367933724952
subsample,0.6225067185220082
colsample_bytree,0.8488305767001761
max_depth,7
min_child_weight,3
eta,0.02113381538367604
gamma,1.3723417484849897e-08
grow_policy,lossguide
value,0.5518040130536346
