params,value
booster,dart
lambda,0.0008163028519800133
alpha,0.0028392800021812318
subsample,0.7690300727585337
colsample_bytree,0.4580452081058015
max_depth,5
min_child_weight,2
eta,0.0033942541992163255
gamma,2.740157375448867e-05
grow_policy,depthwise
sample_type,weighted
normalize_type,tree
rate_drop,1.3674086627676595e-08
skip_drop,0.0002694906568579703
value,0.04292664639286114
