params,value
kernel,poly
C,0.05863474807242084
degree,3
gamma,0.1783152932465746
value,0.08036042675248821
