params,value
kernel,rbf
C,0.09624165012082381
degree,5
gamma,0.684079135847173
value,0.36220024694066116
