params,value
kernel,poly
C,0.006384374107885636
degree,5
gamma,7.833077772832487e-05
value,0.10573808459953839
