params,value
kernel,rbf
C,1.93255795852325e-06
degree,3
gamma,0.011481800390348608
value,0.0031126440158614497
