params,value
kernel,poly
C,0.0010582460438915892
degree,5
gamma,0.001995335925036404
value,0.05803886414238058
