params,value
kernel,rbf
C,0.07420599506532788
degree,2
gamma,0.9633643757492328
value,0.5020651136575333
