params,value
booster,dart
lambda,6.546463653924652e-05
alpha,0.0003072091616160642
subsample,0.9206115799619303
colsample_bytree,0.5786398052313073
max_depth,5
min_child_weight,2
eta,0.00018319021039339326
gamma,5.912982506328137e-06
grow_policy,lossguide
sample_type,weighted
normalize_type,tree
rate_drop,2.581391719017817e-06
skip_drop,6.083733165218324e-05
value,0.04751590049200965
