params,value
booster,gbtree
lambda,9.699803507528198e-05
alpha,0.002599559228777374
subsample,0.5870725945459658
colsample_bytree,0.7968559576041345
max_depth,3
min_child_weight,4
eta,0.06028364123216998
gamma,0.00014406050377187488
grow_policy,lossguide
value,0.7694270304264116
