params,value
booster,gblinear
lambda,0.00013877247253661892
alpha,0.005279267376072027
subsample,0.8184308604987783
colsample_bytree,0.30923426777896207
value,0.07202090466196524
