params,value
booster,gblinear
lambda,2.9561150396870038e-05
alpha,0.0021255751095305736
subsample,0.7119400343735331
colsample_bytree,0.2865645333043352
value,0.07210034785268532
