params,value
kernel,poly
C,0.0049936422717217835
degree,3
gamma,0.003278564779807328
value,0.40995168370211177
