params,value
n_estimators,3141
learning_rate,0.31312005073807486
loss,quantile
value,0.000758961427154466
