params,value
loss,deviance
learning_rate,0.6311975807171595
n_estimators,81
subsample,0.981589184229811
max_depth,10
value,0.45011534919770996
