params,value
kernel,poly
C,1.0962316115447507e-07
degree,5
gamma,2.0115090627071283e-08
value,0.3249863658285882
