params,value
booster,gbtree
lambda,2.5405533344759766e-05
alpha,2.2389765152984017e-07
subsample,0.6687943008801736
colsample_bytree,0.862148436870322
max_depth,5
min_child_weight,3
eta,0.06557214398289006
gamma,0.09962947041072254
grow_policy,lossguide
value,0.5761017895797584
