params,value
kernel,rbf
C,0.04471923591678278
degree,4
gamma,1.0198414047265357e-07
value,0.40980451288006986
