params,value
kernel,poly
C,0.5283498165839644
degree,4
gamma,0.9996926592406632
value,0.368779841709756
