params,value
kernel,poly
C,0.13010577875891663
degree,5
gamma,0.786843901544703
value,0.8092628832470572
