params,value
kernel,rbf
C,0.23459004141044545
degree,5
gamma,0.9827535390703468
value,0.19794213653821938
