params,value
kernel,poly
C,0.000133583886435618
degree,2
gamma,0.0004938586327866807
value,0.0
