params,value
booster,gblinear
lambda,4.2236210640532974e-08
alpha,3.4872274881463325e-08
subsample,0.9589566209944623
colsample_bytree,0.5975008962245257
value,0.04858826590251942
