params,value
loss,exponential
learning_rate,0.20486184363043036
n_estimators,62
subsample,0.09442639147885001
max_depth,4
value,0.3849963009046306
