params,value
kernel,rbf
C,4.430713531583227e-07
degree,1
gamma,0.14087788442542495
value,0.07379051547906237
