params,value
kernel,poly
C,3.4084813417139984e-06
degree,2
gamma,7.5582957595600045e-06
value,0.2592248866377364
