params,value
loss,exponential
learning_rate,0.021531729860856535
n_estimators,85
subsample,0.31351075725974775
max_depth,5
value,0.44327403443439695
