params,value
kernel,poly
C,0.11969004999078645
degree,3
gamma,0.8134043653053384
value,0.5948421045024109
