params,value
kernel,poly
C,2.9278390500913157e-08
degree,4
gamma,0.007136853937050345
value,0.0
