params,value
booster,dart
lambda,0.033980428855302766
alpha,0.006285818352210322
subsample,0.8158725404215301
colsample_bytree,0.28785605397551245
max_depth,3
min_child_weight,6
eta,1.5208059169983666e-08
gamma,1.2709149217346814e-05
grow_policy,depthwise
sample_type,uniform
normalize_type,forest
rate_drop,0.0001658667750762839
skip_drop,4.9634225735508747e-08
value,1.0
