params,value
booster,gblinear
lambda,0.3628434020936273
alpha,0.0006256430513716002
subsample,0.4286230203369703
colsample_bytree,0.7393905419350736
value,0.0727617806210558
