params,value
loss,exponential
learning_rate,0.4534096237480201
n_estimators,94
subsample,0.22652303068379911
max_depth,1
value,0.43399244212614135
