params,value
kernel,poly
C,0.00018807624871896921
degree,5
gamma,0.8511446423066539
value,0.4008346176510517
