params,value
kernel,poly
C,0.005584880493571942
degree,2
gamma,0.8532257247043119
value,0.2999199774846511
