params,value
kernel,rbf
C,0.0012425277606202463
degree,2
gamma,0.01341971935790908
value,0.06570188133140377
