params,value
kernel,rbf
C,0.8790622098913237
degree,2
gamma,0.35975955062018733
value,0.04751631380477192
