params,value
kernel,rbf
C,0.0003676954103418765
degree,2
gamma,4.1559851084598076e-08
value,0.0
