params,value
booster,gblinear
lambda,0.29845050170979454
alpha,2.7660378772722877e-07
subsample,0.9837454061336184
colsample_bytree,0.613165704892175
value,0.6351793769572638
