params,value
kernel,rbf
C,0.7099331389181525
degree,2
gamma,0.9790446040825302
value,0.7814216257890312
