params,value
booster,dart
lambda,1.040660911809301e-07
alpha,0.00010186391688581594
subsample,0.5621206639143843
colsample_bytree,0.4329004456600758
max_depth,7
min_child_weight,3
eta,0.0006690128563992683
gamma,0.0047183928671378035
grow_policy,lossguide
sample_type,uniform
normalize_type,forest
rate_drop,4.247312141002369e-05
skip_drop,7.629037792120193e-06
value,1.0
