params,value
kernel,poly
C,1.9514168851343338e-07
degree,5
gamma,5.8658412617230567e-08
value,0.10573808459953839
