params,value
booster,gbtree
lambda,0.007302077546448604
alpha,0.00023232319288573486
subsample,0.3989524532499371
colsample_bytree,0.6379536075193752
max_depth,3
min_child_weight,8
eta,0.025369096520541503
gamma,0.0002987489109575797
grow_policy,depthwise
value,0.5682964907629325
