params,value
kernel,rbf
C,1.292372296185553e-06
degree,3
gamma,0.008837933557789668
value,0.3568829626239276
