params,value
kernel,poly
C,0.8152518433534094
degree,5
gamma,0.4110716960815
value,0.8116363255643548
