params,value
kernel,poly
C,7.11176144789863e-07
degree,3
gamma,9.926563541305777e-05
value,0.0
