params,value
booster,gblinear
lambda,0.00030859382769665765
alpha,6.885650815527927e-05
subsample,0.21006645462136309
colsample_bytree,0.7835070299895577
value,0.20693524566889948
