params,value
kernel,rbf
C,0.00014672000809402036
degree,5
gamma,4.232601867164665e-08
value,0.0
