params,value
kernel,rbf
C,0.0469010189304341
degree,2
gamma,3.891841123060806e-05
value,0.005797602032122254
