params,value
booster,gblinear
lambda,9.527948761085565e-08
alpha,4.07820829801347e-07
subsample,0.8088586056670691
colsample_bytree,0.7795435215677236
value,0.04860042403331934
