params,value
kernel,rbf
C,0.3744565656279868
degree,3
gamma,0.0770935487028286
value,0.08045091538447835
