params,value
booster,gbtree
lambda,0.08762724582680081
alpha,3.925672092586403e-06
subsample,0.8417388887711161
colsample_bytree,0.9794840211146405
max_depth,9
min_child_weight,2
eta,0.005160034560646611
gamma,0.004246371784335078
grow_policy,depthwise
value,0.2841062687172267
