params,value
booster,gblinear
lambda,7.749524321368245e-08
alpha,6.453907863909142e-07
subsample,0.9447204927265287
colsample_bytree,0.4325725376922819
value,0.018154368171865328
