params,value
kernel,poly
C,0.018404139496246343
degree,2
gamma,0.42588631166241975
value,0.08019984465657237
