params,value
kernel,rbf
C,0.06887706211589191
degree,2
gamma,9.640578555449719e-08
value,0.05804569750156341
