params,value
booster,dart
lambda,0.31985959177956824
alpha,3.7623127675934423e-07
subsample,0.4083379688615113
colsample_bytree,0.9910601387196718
max_depth,5
min_child_weight,8
eta,0.14775510540149925
gamma,0.0022715829398750258
grow_policy,depthwise
sample_type,weighted
normalize_type,tree
rate_drop,2.9835982780187868e-06
skip_drop,0.009744089480552023
value,0.5629411047598317
