params,value
kernel,poly
C,0.1925050495631466
degree,3
gamma,0.7842438720239481
value,0.29964455634485454
