params,value
kernel,poly
C,0.0044993275877661405
degree,2
gamma,0.0076790098083323
value,0.0
