params,value
kernel,rbf
C,0.022436909301419707
degree,1
gamma,0.8962604691772639
value,0.42052882987664747
