params,value
kernel,rbf
C,0.16377316609499395
degree,3
gamma,0.9186934763754282
value,0.04782616960183752
