params,value
booster,gblinear
lambda,1.5185872809070974e-07
alpha,8.213823895283899e-08
subsample,0.38962585233131064
colsample_bytree,0.6838595461097349
value,0.04864510260342804
