params,value
kernel,rbf
C,0.013225080938087181
degree,5
gamma,7.229703411231879e-07
value,0.005822757995746922
