params,value
booster,gbtree
lambda,4.288055780512365e-06
alpha,7.5629056802818344e-06
subsample,0.923150683853891
colsample_bytree,0.29590462079459834
max_depth,9
min_child_weight,7
eta,0.04974261878678785
gamma,2.4006274373913765e-06
grow_policy,lossguide
value,0.004746721767657069
