params,value
kernel,poly
C,0.00025413830489197923
degree,4
gamma,0.09137799700572936
value,0.0878189817915522
