params,value
kernel,rbf
C,0.037303449865448646
degree,3
gamma,0.08715482814241297
value,0.2546963596094271
