params,value
booster,dart
lambda,1.1139806423570451e-05
alpha,0.00015629035352992052
subsample,0.9059861061228691
colsample_bytree,0.4735543286713038
max_depth,3
min_child_weight,5
eta,0.029662953120330553
gamma,1.7822502299567897e-07
grow_policy,depthwise
sample_type,uniform
normalize_type,forest
rate_drop,0.004189430161465075
skip_drop,6.2708698469364005e-06
value,0.01913533953948329
